Title,Short Description,Images,Link,Paragraphs,Rating,Ideal Duration,Best Time
1. Ella,"Tucked into Badulla District, Ella is a charming laidback town drawing travelers to Sri Lanka's highlands with tea plantations, mountain jungles, and a cool climate. At an elevation of 1,041 meters, this wildlife-rich town has ancient caves, centuries-old secluded temples, and the famous Ella Gap - ...","images/1. Ella/0.jpg, images/1. Ella/1.jpg, images/1. Ella/2.jpg, images/1. Ella/3.jpg, images/1. Ella/4.jpg",https://www.holidify.com/places/ella/,"Tucked into Badulla District, Ella is a charming laidback town drawing travelers to Sri Lanka's highlands with tea plantations, mountain jungles, and a cool climate. At an elevation of 1,041 meters, this wildlife-rich town has ancient caves, centuries-old secluded temples, and the famous Ella Gap - a cleft between two hills overlooking lofty views. Ella is just 200km from Colombo, and its central location makes it a great starting point for exploring Sri Lanka's beautiful hill side. The town is most famous for its iconic nine arches railway bridge which is a fine example of colonial-era construction in Sri Lanka. A trek down the railway track to the bridge is a popular activity, especially around the time the train arrives. There are numerous quaint cafes, walking trails and guest houses nestled in the hills for a peaceful getaway. One can also visit the famous Lipton's Seat where the tea mogul Sir Thomas Lipton would oversee his ever-expanding empire. Hiking to the breathtaking Ella Rock and Little Adam's Peak through bamboo forests is an incredible accomplishment. Sri Lanka's second-highest waterfall, Diyaluma Falls, overlooks natural swimming pools in Ella's mountains. Connoisseurs of the world-famous Ceylon tea love the plantations, tea factories, and Ella Spice Garden. Ella's other popular attractions are Ellawala Falls and Ravana Caves, where King Ravana hid Princess Sita and now offers 82-metre-high ziplining. So whether for a fun-filled vacation with friends and family, digging into Lanka's past, or beating the heat in style, Sri Lanka's ""Little England"", Ella features something special for every history buff, nature enthusiast, and hiker, trekker and the modern traveller. Read More",4.0/5,Ideal duration:2 - 3 Days,Best Time:December - March
2. Galle,"Tucked into the southwest coast of Sri Lanka, Galle is a major city and UNESCO World Heritage Site. Blessed with imposing Dutch-colonial buildings, ancient churches and mosques, blond beaches, mansions and museums, quirky boutiques, and a convivial seaside promenade, Galle attracts locals, foreign t...","images/2. Galle/0.jpg, images/2. Galle/1.jpg, images/2. Galle/2.jpg, images/2. Galle/3.jpg, images/2. Galle/4.jpg",https://www.holidify.com/places/galle/,"Tucked into the southwest coast of Sri Lanka, Galle is a major city and UNESCO World Heritage Site. Blessed with imposing Dutch-colonial buildings, ancient churches and mosques, blond beaches, mansions and museums, quirky boutiques, and a convivial seaside promenade, Galle attracts locals, foreign travellers, history buffs and nature lovers alike. Galle consists of a new side and an old side. The old part inside the walls, called Galle Fort, or the Dutch Fort, is the highlight of the city. It is characterized by narrow cobblestone streets, historic buildings, and a fortress wall that offers panoramic views of the Indian Ocean. Inside the fort, visitors can explore the Dutch Reformed Church, the Old Dutch Hospital (now a shopping and dining complex), and various colonial-era houses and mansions. The Galle Lighthouse stands as a prominent landmark near the fort. It provides picturesque views of the coastline and the Indian Ocean. Beyond the fort, Galle showcases well-preserved colonial architecture throughout the city. Walking through the streets allows visitors to admire charming old buildings, vibrant markets, and atmospheric cafes. Galle is also perfect for a day trip from nearby Unawatuna and Mirissa. Galle, with its blend of history, culture, and natural beauty, offers a unique and charming experience for those exploring the southern coast of Sri Lanka. Read More",5.0/5,Ideal duration:2 days,Best Time:December - March
3. Sigiriya,"Sigiriya, often referred to as the ""Lion Rock,"" is an ancient rock fortress and UNESCO World Heritage Site located in the central Matale District of Sri Lanka. It is located between Dambulla and Habarane and is one of the most visited tourist destinations in Sri Lanka. Rising dramatically ...","images/3. Sigiriya/0.jpg, images/3. Sigiriya/1.jpg, images/3. Sigiriya/2.jpg, images/3. Sigiriya/3.jpg, images/3. Sigiriya/4.jpg",https://www.holidify.com/places/sigiriya/,"Sigiriya, often referred to as the ""Lion Rock,"" is an ancient rock fortress and UNESCO World Heritage Site located in the central Matale District of Sri Lanka. It is located between Dambulla and Habarane and is one of the most visited tourist destinations in Sri Lanka. Rising dramatically from the surrounding plains, Sigiriya is a colossal rock formation standing around 200 meters tall. Its sheer vertical walls and flattened summit once served as a fortified royal citadel. Sigiriya dates back to the 5th century AD when King Kashyapa chose this site as his capital and built a magnificent palace atop the rock. The fortress was abandoned after his death and transformed into a Buddhist monastery. There is a huge gateway shaped like a lion, and the place derives its name from this gateway. The rock fortress showcases the advanced engineering and architectural prowess of ancient Sri Lankan civilization. The remnants of the palace complex, including water gardens, frescoes, and the famous Lion Gate, depict the grandeur of its past. The highlight of the fortress is the colorful frescoes painted on the western face of the rock; it is believed that there were initially 500 such frescoes, but merely around 22 of them remain today. Another highlight is the Mirror Wall, a polished surface that once displayed reflective qualities and now bears ancient inscriptions and graffiti. The gigantic Lion’s Paws greet visitors before the summit. At the peak are the ruins of the royal palace of King Kashyapa I and 360-degree panoramas of the surrounding landscape. Sigiriya Museum at the foot of the rock has a plethora of artifacts related to Sigiriya on display for visitors seeking information regarding the site’s history. Ascending the rock involves climbing steep staircases and pathways, culminating in the Lion Platform. The rock fortress is surrounded by beautifully landscaped water gardens, reservoirs, and irrigation systems. Sigiriya stands as a testament to ancient Sri Lankan ingenuity and artistry, offering a captivating glimpse into the island's rich cultural heritage. It is a must-visit destination for history enthusiasts, archaeologists, and travelers seeking an unforgettable cultural experience. Read More",4.5/5,Ideal duration:1 day,Best Time:December - March
4. Colombo,"Discovered initially by traders two millennia ago, Colombo is Sri Lanka's largest economic corridor and tourist destination. As the island nation's capital city, Colombo is a cosmopolitan gateway to the wonders of Portuguese, Dutch and British colonial heritage, splendid tropical landscapes and dele...","images/4. Colombo/0.jpg, images/4. Colombo/1.jpg, images/4. Colombo/2.jpg, images/4. Colombo/3.jpg, images/4. Colombo/4.jpg",https://www.holidify.com/places/colombo/,"Discovered initially by traders two millennia ago, Colombo is Sri Lanka's largest economic corridor and tourist destination. As the island nation's capital city, Colombo is a cosmopolitan gateway to the wonders of Portuguese, Dutch and British colonial heritage, splendid tropical landscapes and delectable cuisines. The city is well connected to other places in Sri Lanka by rail and road. It is in Colombo that you can find it all; from the Lotus Tower, South Asia's tallest freestanding structure, world-class casinos like Bellagio and Ballys, and cinnamon plantation hiking trails. The city identifies with the classic form of urban tourism and offers a great experience of sightseeing, shopping and nightlife. Taking an open deck bus tour is the best way to sightsee around the city on a day of pleasant weather.  Against the ocean at Galle Face Green Promenade, Galle Fort and Lighthouse showcase astonishing Victorian relics in a snazzy neighbourhood with cafes. Pettah Market, acclaimed as a shopaholic's abode by tourists and locals, features vibrant oriental themes and colourful shops. Also, be sure to visit Mount Lavinia Beach and enjoy a beautiful day with the sunset at the end too. The Snow World Theme Park and Viharamahadevi Park are great places if you are travelling with kids. For the adventure enthusiast in you, indulge in some scuba diving in Chief Dragon and The Sierra. Colombo seamlessly blends adventure, luxury, culture, and history from regalia of 17th-century Kandyan Kings, colossal Buddha figures and Thambili-coconut drinks to amusement parks, malls and bustling bazaars. Read More",4.7/5,Ideal duration:3 days,Best Time:December - March
5. Hikkaduwa,"Hikkaduwa finds itself nuzzled in the Galle district of South Western Sri Lanka, 2 hours away from Colombo. The beaches of Hikkaduwa have been visited since the 1970s for their vibrant nightlife and cuisine. The beaches are a surfer's delight and have a large coral reef, the Hikkaduwa Cora...","images/5. Hikkaduwa/0.jpg, images/5. Hikkaduwa/1.jpg, images/5. Hikkaduwa/2.jpg, images/5. Hikkaduwa/3.jpg, images/5. Hikkaduwa/4.jpg",https://www.holidify.com/places/hikkaduwa/,"Hikkaduwa finds itself nuzzled in the Galle district of South Western Sri Lanka, 2 hours away from Colombo. The beaches of Hikkaduwa have been visited since the 1970s for their vibrant nightlife and cuisine. The beaches are a surfer's delight and have a large coral reef, the Hikkaduwa Coral Sanctuary, which is favourable for scuba diving and snorkelling. Hikkaduwa has some of the best scuba diving in Sri Lanka with unique dive sites such as wreck dives and spectacular reef dives. It is also touted to have the second best surfing in Sri Lanka. The shore is lined up with restaurants, shacks and bars overlooking the sea. Narigama beach, Sea turtle hatching and rescue centre, Tsunami education centre & museum, Gangarama Maha Vihara and the Hikkaduwa national park are the spectacular tourist sights here. You will find yourself enjoying a chilled cocktail on a deck in Hikkaduwa. Particularly corals, exotic fish and turtles are found aplenty in this resort town. There are numerous surfing schools, guesthouses and a quiet road perfect for long drives here. Read More",4.2/5,Ideal duration:1-2 Days,Best Time:December - March
6. Kandy,"Settled on a plateau encircled by lush mountains, Kandy is a large city in central Sri Lanka with biodiverse rainforests and tea plantations. Around 4 hours by road from Colombo, the city is famed for the Temple of the Tooth Relic, a UNESCO World Heritage Site and one of the most sacred Buddhist pla...","images/6. Kandy/0.jpg, images/6. Kandy/1.jpg, images/6. Kandy/2.jpg, images/6. Kandy/3.jpg, images/6. Kandy/4.jpg",https://www.holidify.com/places/kandy/,"Settled on a plateau encircled by lush mountains, Kandy is a large city in central Sri Lanka with biodiverse rainforests and tea plantations. Around 4 hours by road from Colombo, the city is famed for the Temple of the Tooth Relic, a UNESCO World Heritage Site and one of the most sacred Buddhist places in the world. Kandy is bountiful in nature with national parks like Udawattekele Sanctuary, and mystical cloud-laden peaks like Hanthana Mountain Range. Truly, the city is an epicentre of cultural, historical, spiritual and nature tourism. Overlooked by Kandy Viewpoint, Bogambara Lake is the city’s heart. Since 1807, the scenic lake has a flurry of historical sites and snazzy waterfront eateries. Kandy is a paradise for families and adventure lovers, featuring amazing activities to enjoy in Horton Plains National Park, Millennium Elephant Foundation, and Royal Botanical Garden. Hiking in the Knuckles Mountains brings you to grasslands and jagged peaks, while Riverton Gap’s trekking trails offer waterfalls like Huluganga Waterfall. To see Kandy’s famed tea estates, Giragama Plantations and Ranweli Spice Garden are the top destinations. Learn more about Lankan history at tourist hotspots like Ceylon Tea Museum, Commonwealth War Cemetery or the Royal Palace Of Kandy. Then, seek blessings at Lankatilaka and Degaldoruwa Temples. For a perfect finishing touch to your Kandy tour, take home beautiful handmade gems, antiques, Ceylon tea and Buddhist handicrafts from Main Market, Kandy City Centre and Buddhist Publication Society. Read More",4.2/5,Ideal duration:2-3 days,Best Time:December - March
7. Dambulla,"Dambulla, situated in central Sri Lanka, is a historic town renowned for its ancient cave temples and rich cultural heritage. It is approximately 148 kilometers northeast of Colombo and is easily accessible by road or rail. The centerpiece of Dambulla is the UNESCO World Heritage Site known as ...","images/7. Dambulla/0.jpg, images/7. Dambulla/1.jpg, images/7. Dambulla/2.jpg, images/7. Dambulla/3.jpg, images/7. Dambulla/4.jpg",https://www.holidify.com/places/dambulla/,"Dambulla, situated in central Sri Lanka, is a historic town renowned for its ancient cave temples and rich cultural heritage. It is approximately 148 kilometers northeast of Colombo and is easily accessible by road or rail. The centerpiece of Dambulla is the UNESCO World Heritage Site known as the Dambulla Cave Temple , also referred to as the Golden Temple of Dambulla. This complex consists of five caves carved into the rock face of a massive granite outcrop, each adorned with exquisite Buddhist murals and over 150 stunning statues of Buddha in various poses. It is Sri Lanka's best-preserved Buddhist shrine within ancient caves. In addition to its religious significance, Dambulla is surrounded by lush greenery and picturesque landscapes, making it a popular destination for nature lovers and outdoor enthusiasts. It is located close to the Sigiriya Rock Fortress , another UNESCO World Heritage Site and one of Sri Lanka's most iconic landmarks. Visitors to Dambulla often combine a visit to the cave temples with an excursion to Sigiriya, where they can climb the ancient rock fortress and marvel at its remarkable frescoes and panoramic views. Nature enthusiasts are drawn to Dambulla's picturesque hiking trails up the Arangala Mountain Peak and Jathika Namal Uyana Rose Quartz mountain, which offer sweeping views, ponds, and Buddhist temple ruins. Overall, Dambulla is a treasure trove of historical Buddhist and megalithic monuments, mountains with thick tropical forests and lakes, naturally formed sky-high rocks, and centuries-old temples. Read More",4.3/5,Ideal duration:2 - 3 Days,Best Time:December - March
8. Mirissa,"Mirissa, nestled along the southern coast of Sri Lanka, is a picturesque and laid-back beach town that attracts travelers seeking sun, sand, and serenity. What was a faint old beach town has now risen to be one of the most popular surfing and whale-watching destinations in Sri Lanka. The beach ...","images/8. Mirissa/0.jpg, images/8. Mirissa/1.jpg, images/8. Mirissa/2.jpg, images/8. Mirissa/3.jpg, images/8. Mirissa/4.jpg",https://www.holidify.com/places/mirissa/,"Mirissa, nestled along the southern coast of Sri Lanka, is a picturesque and laid-back beach town that attracts travelers seeking sun, sand, and serenity. What was a faint old beach town has now risen to be one of the most popular surfing and whale-watching destinations in Sri Lanka. The beach town is situated 150 kms south of Colombo and is dotted with palm trees, blue waters, and colorful boats adorning the shores. The main draw of Mirissa is its pristine beaches. The soft golden sands stretch along the coastline, providing a perfect setting for sunbathing, leisurely strolls, and enjoying breathtaking sunsets. Mirissa has a beautiful view along with a million things to do over here – Whale watching, snorkeling, surfing, and bodyboarding. The city offers the right balance between calm days and lively nights by the beach. The bright and lively coast has happy hours for a part of the day and candle-lit seafood dinners once the sun sets. The clear waters, bundled with turtles and aquatic life, are a sight to behold. The local cuisine in Mirissa is a delight for food enthusiasts. From classic cocktail mixes to coconut-induced delights, burgers from the beach shacks to kootu, rice, and curry – Mirissa is a traveler’s paradise. A scooter ride away are the Weligama, Dalawella, and Unawatuna beaches, and if you’re lucky enough, you’ll see how stilt fishing in the shallow waters. The Parrot Rock, the iconic coconut island, Elephant Transit Home, and Galle Fort are some picturesque locations on this shoreline. Overall, Mirissa offers a perfect blend of relaxation, adventure, and natural beauty, making it an unmissable destination for travelers exploring the wonders of Sri Lanka's southern coast. Read More",5.0/5,Ideal duration:2 - 3 Days,Best Time:December - March
9. Yala National Park,"Sprawled over 979 square kilometres, Yala National Park in southeast Sri Lanka is the nation’s largest and most-visited wildlife conservation zone. As Sri Lanka’s oldest wildlife sanctuary, Yala shelters a vast area of unspoiled jungles, grassland, and lagoons bordering the Indian Ocean. It is home ...",images/9. Yala National Park/0.jpg,https://www.holidify.com/places/yala-national-park/,"Sprawled over 979 square kilometres, Yala National Park in southeast Sri Lanka is the nation’s largest and most-visited wildlife conservation zone. As Sri Lanka’s oldest wildlife sanctuary, Yala shelters a vast area of unspoiled jungles, grassland, and lagoons bordering the Indian Ocean. It is home to the highest population of leopards on the planet, alongside Sri Lankan elephants, crocodiles, and over 400 bird species. Yala National Park is sectioned into five blocks, and there are eco-friendly campsites everywhere. The fascinating thing about hiking here is discovering the park’s diverse terrain, which includes marine wetlands, deciduous and thorn forests, and freshwater lakes and ponds, mainly composed of Precambrian-era metamorphic rocks. A large section of the park is covered by marshes and sandy beaches, where families enjoy picnics and swimming. Further inland, Sithulpawwa is an ancient Buddhist monastery where caves display centuries-old rock paintings. Magul Vihara is another pilgrimage site within the park displaying ancient ruins. The best way to enjoy a Yala National Park tour is to take Jeep safaris with a driver, but you can blaze your own trails with bicycles. Yala National Park remains closed for rejuvenation for six weeks from 1 September to 15 October every year. Read More",4.6/5,Ideal duration:1-3 days,Best Time:December - March
10. Bentota,"Bentota is a picturesque coastal town on the southwestern coast of Sri Lanka, around 62 kms from the capital city, Colombo. Blessed with natural beauty and a laid-back ambiance, Bentota is known for its pristine beaches, lush greenery, and tranquil waterways. It is a popular destination fo...","images/10. Bentota/0.jpg, images/10. Bentota/1.jpg, images/10. Bentota/2.jpg, images/10. Bentota/3.jpg, images/10. Bentota/4.jpg",https://www.holidify.com/places/bentota/,"Bentota is a picturesque coastal town on the southwestern coast of Sri Lanka, around 62 kms from the capital city, Colombo. Blessed with natural beauty and a laid-back ambiance, Bentota is known for its pristine beaches, lush greenery, and tranquil waterways. It is a popular destination for beach lovers, water sports enthusiasts, and families and couples seeking relaxation amidst tropical surroundings. Water sports are a major draw in Bentota, with a wide range of activities available for thrill-seekers and adventure enthusiasts. From jet skiing and windsurfing to snorkeling and scuba diving, there's no shortage of ways to explore the crystal-clear waters and vibrant marine life that abound off the coast of Bentota. The nearby Bentota River, fringed by mangrove forests and lush vegetation, provides opportunities for boat cruises, kayaking, and river safaris. Bentota is also home to the Brief Garden, an enchanting tropical garden created by renowned Sri Lankan architect Geoffrey Bawa. Spread across several acres, the garden features winding pathways, exotic plants, and tranquil ponds, providing a serene retreat for visitors to explore and unwind amidst nature's beauty. For those interested in wildlife, the nearby Lunuganga Estate, also designed by Geoffrey Bawa, offers a glimpse into the architect's creative genius and love for nature. The estate's lush gardens, winding pathways, and picturesque vistas make it a popular destination for nature lovers and architecture enthusiasts alike. With its pristine beaches, lush landscapes, and endless opportunities for exploration and relaxation, Bentota is truly a gem of the Sri Lankan coast. Read More",4.2/5,Ideal duration:2-3 days,Best Time:December - March
11. Trincomalee,"The quaint city of Trincomalee, also famously known as ‘Gokarna’, is nestled on the northeastern coast of Sri Lanka. It is a city steeped in history, blessed with natural beauty, and vibrant with cultural diversity. Whether looking to relax on the beach, explore cultural sites or swim with Turtles o...","images/11. Trincomalee/0.jpg, images/11. Trincomalee/1.jpg, images/11. Trincomalee/2.jpg, images/11. Trincomalee/3.jpg, images/11. Trincomalee/4.jpg",https://www.holidify.com/places/trincomalee/,"The quaint city of Trincomalee, also famously known as ‘Gokarna’, is nestled on the northeastern coast of Sri Lanka. It is a city steeped in history, blessed with natural beauty, and vibrant with cultural diversity. Whether looking to relax on the beach, explore cultural sites or swim with Turtles on Pigeon Island, Trinco is your ideal holiday destination. Trincomalee's cultural tapestry is rich and diverse, reflecting its centuries-old heritage. You can explore ancient temples, such as the Koneswaram Kovil, a Hindu temple perched atop Swami Rock with breathtaking views of the ocean, or the Seruvila Mangala Raja Maha Viharaya, a revered Buddhist temple nestled amidst lush greenery. One of the city's most iconic landmarks is its natural harbor, one of the largest and deepest in the world. Beyond its historical and cultural attractions, Trincomalee is renowned for its pristine beaches and crystal-clear waters. Nilaveli Beach, just north of the city, is famed for its powdery white sands and shallow turquoise waters, ideal for swimming, snorkeling, and diving. Pigeon Island National Park, a short boat ride away, offers stunning coral reefs teeming with marine life, making it a paradise for underwater enthusiasts. Trincomalee is also a haven for wildlife enthusiasts, with nearby nature reserves providing sanctuary to a diverse array of flora and fauna. The nearby Kanniya Hot Springs, with its natural thermal waters, offers visitors a chance to relax and rejuvenate amidst tranquil surroundings. Read More",4.2/5,Ideal duration:1 -2 Days,Best Time:December - March
12. Jaffna,"Jaffna is probably Sri Lanka's most historical city located at the northern tip on the country and the city from time to time had been passed under the rule of various kingdoms, governments and the armies. Unlike the country’s southern parts which are more influenced and in a way controlled by the B...","images/12. Jaffna/0.jpg, images/12. Jaffna/1.jpg, images/12. Jaffna/2.jpg, images/12. Jaffna/3.jpg, images/12. Jaffna/4.jpg",https://www.holidify.com/places/jaffna/,"Jaffna is probably Sri Lanka's most historical city located at the northern tip on the country and the city from time to time had been passed under the rule of various kingdoms, governments and the armies. Unlike the country’s southern parts which are more influenced and in a way controlled by the Buddhist and the Sinhalese, the northern realms including Jaffna have a strong influence of the Tamil and the Hindu cultures. Historically, it was the centre of the LTTE power struggle to capture the city in 1995 which resulted in the devastating Battle of Jaffna. The city has been through a lot, but still today it flourishes as one of the industrial cities of the country of Sri Lanka. The town of Jaffna’s main revenues are from tourism and the port business. The city, due to being under the rule of various kingdoms and governments has several monuments for its visitors, each reciting a different yet alluring tale. Some of its monuments include the Jaffna Fort, the Jaffna public library, Jaffna Palace ruins, the Nallur Kandaswamy temple and much more. Read More",5.0/5,Ideal duration:2-3 days,Best Time:December - March
13. Anuradhapura,"Anuradhapura, an ancient city nestled in the heart of Sri Lanka's North Central Province, stands as a living testament to the island's rich cultural and historical legacy. Revered as one of the oldest continuously inhabited cities in the world, Anuradhapura served as the capital of Sri Lanka for ove...","images/13. Anuradhapura/0.jpg, images/13. Anuradhapura/1.jpg, images/13. Anuradhapura/2.jpg, images/13. Anuradhapura/3.jpg, images/13. Anuradhapura/4.jpg",https://www.holidify.com/places/anuradhapura/,"Anuradhapura, an ancient city nestled in the heart of Sri Lanka's North Central Province, stands as a living testament to the island's rich cultural and historical legacy. Revered as one of the oldest continuously inhabited cities in the world, Anuradhapura served as the capital of Sri Lanka for over a millennium, bearing witness to the rise and fall of several ancient kingdoms. It is known for its vast dagobas or brick stupas, ancient ponds and pools, and magnificent temples. Anuradhapura is not just historically important but also religiously significant, being a center of Buddhist pilgrimage and learning. The city's UNESCO World Heritage-listed Sacred City sprawls across an expansive area, offering visitors a captivating glimpse into ancient Sri Lanka's grandeur. Towering stupas, intricately carved monoliths, remnants of palaces, and colossal reservoirs speak volumes about the advanced civilization that thrived here centuries ago. At the heart of Anuradhapura's allure lies its spiritual significance. The city embraces the Sri Maha Bodhi, a revered fig tree believed to have sprouted from a cutting of the Bodhi tree in India, under which Lord Buddha attained enlightenment. This sacred tree, enclosed within a serene garden, draws pilgrims and tourists alike, fostering an atmosphere of tranquility and reverence. Authentic Buddhist traditions, archaeological ruins, lavish palaces, traditional monasteries, and informative museums define the grandeur of Anuradhapura. Even though it is a large town, Anuradhapura gives the feel of being in a village. With its well-preserved cultural sites, ponds, and monuments, Anuradhapura is a well-established tourist attraction in Sri Lanka. Tourists visit this town for a rejuvenating getaway, to seek peace, and to satiate their inquisitiveness. Read More",4.2/5,Ideal duration:2 days,Best Time:December - March
14. Horton Plains National Park,"Horton Plains National Park, located in the central highlands of Sri Lanka, is a UNESCO World Heritage Site renowned for its unique biodiversity, stunning landscapes, and iconic attractions. Spanning over 31 square kilometers, the park is characterized by rolling grasslands, misty forests, and ...","images/14. Horton Plains National Park/0.jpg, images/14. Horton Plains National Park/1.jpg, images/14. Horton Plains National Park/2.jpg, images/14. Horton Plains National Park/3.jpg, images/14. Horton Plains National Park/4.jpg",https://www.holidify.com/places/horton-plains-national-park/,"Horton Plains National Park, located in the central highlands of Sri Lanka, is a UNESCO World Heritage Site renowned for its unique biodiversity, stunning landscapes, and iconic attractions. Spanning over 31 square kilometers, the park is characterized by rolling grasslands, misty forests, and breathtaking viewpoints that offer panoramic views of the surrounding countryside. One of the most iconic features of Horton Plains is World's End, a sheer cliff that drops 880 meters (2,890 feet) into the valley below, offering visitors a dizzying view of the plains and distant mountains. The viewpoint is especially popular at sunrise when the mist lifts to reveal the stunning scenery below. During the hike, a popular stop is the multi-tiered, 20-metre-tall Baker’s Waterfall, where you can swim during monsoon. Horton Plains is also home to a variety of wildlife, including sambar deer, purple-faced langurs, wild boar, and many species of birds. Birdwatchers flock to Horton Plains to spot elusive species such as the Sri Lanka whistling thrush, yellow-eared bulbul, and Sri Lanka wood pigeon amidst the park's diverse habitats. Horton Plains National Park offers several hiking trails that cater to different fitness levels and interests. The most popular trail is the circular route that takes visitors past World's End, Baker's Falls, and through scenic grasslands and forests. Due to its high elevation, Horton Plains National Park experiences cooler temperatures compared to the surrounding lowlands, and mist and fog are common, especially in the early morning and late afternoon. You are required to obtain a permit from the park entrance before entering, and guided tours are available. Overall, Horton Plains National Park offers a truly immersive and unforgettable experience for nature lovers, hikers, and wildlife enthusiasts, showcasing the stunning beauty and biodiversity of Sri Lanka's central highlands. Read More",4.6/5,Ideal duration:1-2 days,Best Time:December - March
15. Weligama,"Weligama, located along Sri Lanka's southern coast, is a charming coastal town renowned for its picturesque beaches, vibrant surfing scene, and rich cultural heritage. The name ""Weligama"" translates to ""sandy village,"" which perfectly reflects the town's idyllic setting along a stretch of golden san...","images/15. Weligama/0.jpg, images/15. Weligama/1.jpg, images/15. Weligama/2.jpg, images/15. Weligama/3.jpg, images/15. Weligama/4.jpg",https://www.holidify.com/places/weligama/,"Weligama, located along Sri Lanka's southern coast, is a charming coastal town renowned for its picturesque beaches, vibrant surfing scene, and rich cultural heritage. The name ""Weligama"" translates to ""sandy village,"" which perfectly reflects the town's idyllic setting along a stretch of golden sand that extends for miles along the coastline. One of Weligama's main attractions is its stunning beaches, which offer pristine shores, clear turquoise waters, and ample opportunities for swimming, sunbathing, and water sports. Weligama Beach is famous among surfers and families with children. Weligama is also famous for its stilt fishermen, who can often be seen perched on wooden poles planted in the shallow waters just offshore. This traditional method of fishing has been practiced in Sri Lanka for generations and serves as a fascinating cultural spectacle to witness. In addition to its natural beauty, Weligama boasts a rich cultural heritage with historical landmarks and architectural gems. The town is home to ancient Buddhist temples, such as the Taprobane Island Temple, which is accessible by a short boat ride and offers panoramic views of the coastline. For those seeking adventure and exploration, Weligama serves as an ideal base for excursions to nearby attractions such as the historic city of Galle , the lush tea plantations of Ella , and the wildlife-rich Yala National Park . With its blend of natural beauty, cultural charm, and adventurous spirit, Weligama offers a quintessential Sri Lankan experience. Read More",4.3/5,Ideal duration:1 - 2 Days,Best Time:December - March
16. Adam's Peak,"As one of the most famous pilgrimage sites in the Indian subcontinent, Adam’s Peak is a 7,359 feet tall mountain in Sri Lanka, frequently visited by people of almost all major religions. It is widely known for Sri Pada, a foot-shaped indentation at the summit of the pyramid-like mountain. Also calle...","images/16. Adam's Peak/0.jpg, images/16. Adam's Peak/1.jpg",https://www.holidify.com/places/adams-peak/,"As one of the most famous pilgrimage sites in the Indian subcontinent, Adam’s Peak is a 7,359 feet tall mountain in Sri Lanka, frequently visited by people of almost all major religions. It is widely known for Sri Pada, a foot-shaped indentation at the summit of the pyramid-like mountain. Also called the sacred footprint, the Buddhists believe that it is the footprint of Lord Buddha, the Hindus as that of Shiva, the Muslims as Adam’s, and the Christians as that of St. Thomas the Apostle. After completing the ascent, pilgrims offer prayers at a shrine that sits atop the mountain. Apart from the legends surrounding the holy site, Adam’s Peak offers enchanting views of the sunrise. Any of the six trails, and a flight of more than 5000 steps, lead to the mountain peak. As one is reaching the summit, the steps gradually become steeper. Most visitors, irrespective of age and fitness levels, complete the hike in an average duration of two to four hours. An area of religious significance, a moderate challenge for enthusiastic hikers, and breathtaking scenery all around— Adam’s Peak is one of the must-see sights on a trip to Sri Lanka. Read More",4.1/5,Ideal duration:1-2 days,Best Time:December - March
17. Udawalawe National Park,"Udawalawe National Park is a stunning sanctuary renowned for its diverse wildlife and picturesque landscapes, located in the southern part of Sri Lanka. Covering an area of over 30,000 hectares, Udawalawe is best known for its large population of Asian elephants. The park provides a natural habitat ...","images/17. Udawalawe National Park/0.jpg, images/17. Udawalawe National Park/1.jpg, images/17. Udawalawe National Park/2.jpg, images/17. Udawalawe National Park/3.jpg",https://www.holidify.com/places/udawalawe-national-park/,"Udawalawe National Park is a stunning sanctuary renowned for its diverse wildlife and picturesque landscapes, located in the southern part of Sri Lanka. Covering an area of over 30,000 hectares, Udawalawe is best known for its large population of Asian elephants. The park provides a natural habitat for these majestic creatures, offering visitors the opportunity to observe them in their natural environment. Jeep safaris are a popular way to explore the park, allowing visitors to venture deep into the wilderness and encounter elephants, along with other wildlife such as buffalo, deer, monkeys, and a variety of bird species. In addition to wildlife safaris, Udawalawe National Park offers other activities such as birdwatching, nature walks, and camping experiences. The landscape of Udawalawe National Park is diverse, comprising grasslands, forests, and wetlands, all of which provide ideal habitats for different species of animals and plants. The centerpiece of the park is the Udawalawe Reservoir, which not only serves as a vital water source for the wildlife but also adds to the scenic beauty of the surroundings. Udawalawe National Park is easily accessible from various parts of Sri Lanka, including the popular tourist destinations of Kandy and Ella. The park is located approximately 165 kilometers southeast of Colombo, Sri Lanka's capital, and can be reached by road in about four hours. While Udawalawe itself is not a large town, several accommodation options are available near the park to suit different budgets and preferences. You can choose from eco-lodges, safari camps, guesthouses, and resorts located near the park, offering comfortable lodging and easy access to wildlife experiences. Whether you're a nature lover, a wildlife enthusiast, or simply seeking a tranquil escape into the wilderness, a visit to Udawalawe promises an unforgettable adventure. Read More",4.2/5,Ideal duration:1-2 days,Best Time:December - March
18. Nuwara Eliya,"Nuwara Eliya is Sri Lanka's hill station famed for its tea production. With a multitude of gorgeous attractions ranging from waterfalls and tea plantations to gardens and lakes, Nuwara Eliya is the epitome of scenic beauty. Add to that the colonial-style buildings dotting the area, a golf course and...","images/18. Nuwara Eliya/0.jpg, images/18. Nuwara Eliya/1.jpg, images/18. Nuwara Eliya/2.jpg, images/18. Nuwara Eliya/3.jpg, images/18. Nuwara Eliya/4.jpg",https://www.holidify.com/places/nuwara-eliya/,"Nuwara Eliya is Sri Lanka's hill station famed for its tea production. With a multitude of gorgeous attractions ranging from waterfalls and tea plantations to gardens and lakes, Nuwara Eliya is the epitome of scenic beauty. Add to that the colonial-style buildings dotting the area, a golf course and the cold climate— and you'll feel like you have entered a world unlike Sri Lanka's iconic landscape; no wonder it is also called Little England! The town's colonial legacy is evident in its well-preserved architecture, with charming buildings, manicured gardens, and a golf course that transports visitors back in time. Nuwara Eliya's Victorian-style homes, quaint churches, and the iconic red post office evoke a sense of nostalgia, contributing to its unique and tranquil ambiance. The cool climate of Nuwara Eliya makes it an ideal location for cultivating tea, and the surrounding hills are dotted with expansive tea estates. Visitors can explore the tea-making process through guided tours of tea factories, where they can witness the journey from plucking the leaves to savoring a freshly brewed cup. In addition to its colonial charm and tea-related activities, Nuwara Eliya offers natural attractions such as Gregory Lake, a man-made reservoir that provides opportunities for boating and picnics. Hakgala Botanical Gardens, nestled beneath the shadow of Hakgala Rock, showcases a diverse collection of flora, including orchids, roses, and ferns, making it a delightful spot for nature enthusiasts. The town is also a gateway to Sri Lanka's highest peak, Pidurutalagala, and Horton Plains National Park, a UNESCO World Heritage Site known for its scenic beauty and unique ecosystems. With its blend of colonial heritage, scenic beauty, and proximity to nature reserves, Nuwara Eliya offers a distinctive experience for travelers seeking a tranquil retreat in the heart of Sri Lanka's hill country. Read More",4.4/5,Ideal duration:2 days,Best Time:December - March
19. Tangalle,"Tangalle or also known as Tangalla, is one of the less explored places in the beautiful country of Sri Lanka. At a distance of around 250 km south of the gorgeous capital city Colombo, lies the unexplored beach havens of Tangalle. The beautiful beaches of the town are glimmering with the crysta...",,https://www.holidify.com/places/tangalle/,"Tangalle or also known as Tangalla, is one of the less explored places in the beautiful country of Sri Lanka. At a distance of around 250 km south of the gorgeous capital city Colombo, lies the unexplored beach havens of Tangalle. The beautiful beaches of the town are glimmering with the crystal ocean, and glittery sand is a paradise for every beach lover out there. Tangalle today comprises more than one beach and is also a favourite spot for fishing; swimming and the waters are also suitable for diving. Located in the south of Sri Lanka, Tangalle is a must visit, especially when you are at the South Coast. The island is dotted with a rich heritage of temples, coves and beaches along with some simple guesthouses to enjoy a simple and yet a quiet stay at the beach. However, there are also some luxury resorts which are budding quickly in the place for you to experience an utterly lavish stay, making it a beautiful mix of polished and rough. The island boasts of a variety of memorable experiences of visiting monasteries like the Buddha temple, rock temples, turtle watching and bird sanctuary along with the pristine beaches to soak in the beauty of Sri Lanka. Read More",3.8/5,Ideal duration:1-2 days,Best Time:December - March
20. Unawatuna,"When in Sri Lanka be sure to pay a visit to Unawatuna which is in the southern part of Sri Lanka, 6 km from Galle. Known for its beautiful beaches, hip cafes, trendy restaurants and plenty of sightseeing make Unawatuna an attraction for tourists as well as the locals who are looking for a weekend ge...",images/20. Unawatuna/0.jpg,https://www.holidify.com/places/unawatuna/,"When in Sri Lanka be sure to pay a visit to Unawatuna which is in the southern part of Sri Lanka, 6 km from Galle. Known for its beautiful beaches, hip cafes, trendy restaurants and plenty of sightseeing make Unawatuna an attraction for tourists as well as the locals who are looking for a weekend getaway. There are many different places which you may choose to stay at while at Unawatuna and there is something available for every budget. However, the main attraction of the place is the famous banana-shaped, golden beach. You can relax, unwind or have a relaxing time at the beach or take a dip in the cold water. The vibe of the place is quite similar to being in Thailand or Cambodia, and if you are fond of a happening nightlife, Unawatuna is the place to be. During the day you can have a chill time at the beach or indulge in some guilty pleasure by going on a shopping spree or pampering yourself in the delicious food of Sri Lanka. Make sure to visit the turquoise waters of the hidden Jungle Beach for a beautiful sunset. Unfortunately, the place has been rebuilt quickly after being affected by the devastating Tsunami in the year 2004, which might be a negative for some of the visitors. However, barring the negative side, there is still a lot to do and explore and make some beautiful memories at Unawatuna. Read More",4.4/5,Ideal duration:2 - 3 Days,Best Time:December - March
21. Bundala National Park,"Bundala National Park is situated off the Sri Lankan coast, around 12 km away from the port town of Hambantota. Harbouring 197 colourful species of birds each year, the park is an internationally eminent, UNESCO-listed wintering ground for migratory water birds in Sri Lanka. Bundala is undoubtedly t...",images/21. Bundala National Park/0.jpg,https://www.holidify.com/places/bundala-national-park/,"Bundala National Park is situated off the Sri Lankan coast, around 12 km away from the port town of Hambantota. Harbouring 197 colourful species of birds each year, the park is an internationally eminent, UNESCO-listed wintering ground for migratory water birds in Sri Lanka. Bundala is undoubtedly the island nation’s best bird-watching region, home to the rare bird species of painted stork, purple heron and black-headed ibis. Over 50 migratory species, including the greater flamingo, arrive in large flocks during winter, making it a prime attraction for bird watchers, photographers and ornithologists. In 1969, Bundala National Park was acclaimed as a wildlife sanctuary and biosphere reserve. Ever since, it has been one of Sri Lanka’s most exciting places for jeep safaris, hiking and adventure tourism. Spanning 6,216 hectares, the park’s landscape is a spectacular tapestry of five brackish lagoons with salt pans in three verdant scrubs, marshes and sand dunes. The three most picturesque lagoons with a greater concentration of birds are the Bundala, Ambilikala and Malala lagoons. Ornithologists and nature aficionados can enjoy sighting waterfowls, grey herons, Indian cormorants, and painted storks. In the abundance of Hydrilla in Koholankala lagoon, the thriving species are the Eurasian spoonbill, openbill, small waders and coot. Bundala National Park’s beaches are breeding grounds for five endangered sea turtle species. Other animals like Sri Lankan elephants, langurs, grey-naped hares, civets, porcupines, monitor lizards, ruddy mongoose, golden jackals, macaque monkeys and crocodiles are also inhabitants of the park. Read More",3.7/5,Ideal duration:1-2 days,Best Time:December - March
22. Arugam Bay,"The Sri Lankan coastal town of Arugam Bay lies on the Indian Ocean, 320 kilometres from the capital city Colombo. With several surfing spots scattered across the area, for both beginners as well as skilled surfers, Arugam Bay is often called a surfer’s paradise. The famous surfing points here are Ma...",,https://www.holidify.com/places/arugam-bay/,"The Sri Lankan coastal town of Arugam Bay lies on the Indian Ocean, 320 kilometres from the capital city Colombo. With several surfing spots scattered across the area, for both beginners as well as skilled surfers, Arugam Bay is often called a surfer’s paradise. The famous surfing points here are Main Point and Whiskey Point, with surfboard rentals in their proximity.  If you’re a non-surfer, you can choose to chill on the beautiful beaches. At night, the beaches play host to many beach parties, offering a chance to soak in the lively atmosphere. Arugam Bay is much more than its beaches and surfing. An evening stroll on the streets of Arugam Bay might lead you to the food stalls, where you can savour the local cuisine. The lagoon safaris, where one can spot elephants and crocodiles, are another highlight of this seaside settlement. Other sights at and near Arugam Bay that are worth exploring include Kudumbigala Monastery, Kumana National Park and Elephant Rock. On the whole, if you’re looking for an incredibly vibrant destination in Sri Lanka, Arugam Bay is the place to visit. Read More",4.1/5,Ideal duration:1-3 days,Best Time:December - March
23. Polonnaruwa,"Polonnaruwa, located in the North Central Province of Sri Lanka, is a UNESCO World Heritage Site and one of the island's most significant historical and cultural destinations. The ancient city of Polonnaruwa is renowned for its well-preserved ruins, royal palaces, temples, monasteries, and othe...","images/23. Polonnaruwa/0.jpg, images/23. Polonnaruwa/1.jpg, images/23. Polonnaruwa/2.jpg, images/23. Polonnaruwa/3.jpg, images/23. Polonnaruwa/4.jpg",https://www.holidify.com/places/polonnaruwa/,"Polonnaruwa, located in the North Central Province of Sri Lanka, is a UNESCO World Heritage Site and one of the island's most significant historical and cultural destinations. The ancient city of Polonnaruwa is renowned for its well-preserved ruins, royal palaces, temples, monasteries, and other religious and secular structures. It is Sri Lanka's second oldest kingdom, thus boasting a rich heritage that continues to be visited by thousands of tourists. It is located 2 hours away from Sigiriya, around 4 hours from Kandy and is part of the cultural triangle of Sigiriya, Polonnaruwa and Anuradhapura. The town has two sections - Polonnaruwa, New Town, and the Old Site with ancient remains and monarchical structures. It has numerous ruins dating back to 800 years comprising of tombs, temples, statues and stupas. One of the most iconic landmarks in Polonnaruwa is the Royal Palace complex, which once served as the residence of the ruling monarchs. Although now in ruins, the palace complex offers insight into the grandeur and sophistication of ancient Sri Lankan architecture. Another highlight is the Gal Vihara, a group of four colossal statues of the Buddha carved into a single granite rock face. Polonnaruwa is also home to numerous ancient temples and monasteries, including the Lankathilaka Temple, with its towering brick walls and intricately carved entrance, and the Rankoth Vehera, a stupa adorned with elaborate carvings and surrounded by a tranquil courtyard. Exploring the ruins of Polonnaruwa is like stepping back in time, with each structure telling a story of the city's illustrious past and the achievements of its rulers. In addition to its archaeological significance, Polonnaruwa is surrounded by natural beauty, with lush greenery, serene lakes, and abundant wildlife adding to the charm of the area. Read More",4.2/5,Ideal duration:1 Day,Best Time:December - March
24. Batticaloa,"Batticaloa also is known as 'Batti' for short, is a small town located on the East coast of Sri Lanka which has a very mellow and calm vibe to it. The calming city is surrounded by beautiful lagoons and palm trees. This town is in the east of Sri Lanka is also easy to reach due to its connectivity t...","images/24. Batticaloa/0.jpg, images/24. Batticaloa/1.jpg, images/24. Batticaloa/2.jpg, images/24. Batticaloa/3.jpg, images/24. Batticaloa/4.jpg",https://www.holidify.com/places/batticaloa/,"Batticaloa also is known as 'Batti' for short, is a small town located on the East coast of Sri Lanka which has a very mellow and calm vibe to it. The calming city is surrounded by beautiful lagoons and palm trees. This town is in the east of Sri Lanka is also easy to reach due to its connectivity to roads, railway, and the bridge connected to the causeway, which makes the city easily accessible. The town is rich in culture and traditions and will enable you to experience the authentic Tamil culture and lifestyle. Batticaloa is a small city and the best way to explore it is on foot, which helps you soak in the culture of the place of the great churches and breathtaking forts. However, you may also explore the city on a bike or hire a private car/van, or use public transport like rickshaws or the Sri Lankan transport bus. Read More",3.9/5,Ideal duration:2 - 3 Days,Best Time:December - March
25. Negombo,"Negombo is a quiet town on the west coast of Sri Lanka located 10 km from Bandaranaike International Airport. Deriving its name from the Negombo lagoon, the modest village is known for its white sandy beaches and turquoise-blue waters. Popular for being a beach resort town, it is also one of th...","images/25. Negombo/0.jpg, images/25. Negombo/1.jpg, images/25. Negombo/2.jpg, images/25. Negombo/3.jpg, images/25. Negombo/4.jpg",https://www.holidify.com/places/negombo/,"Negombo is a quiet town on the west coast of Sri Lanka located 10 km from Bandaranaike International Airport. Deriving its name from the Negombo lagoon, the modest village is known for its white sandy beaches and turquoise-blue waters. Popular for being a beach resort town, it is also one of the important commercial hubs in the country. Having a rich history in the trade of spices and seafood, the town today has become one of the most visited places in the country. Even today, one can see the reflections of the city's Dutch and Portuguese history in its food, architecture and people. However, Negombo's most distinct attraction is its thriving Fishing Village, where you can enjoy seafood, shop at the fish market, stroll the beach and go on guided deep-sea fishing tours. Make a stop at the city's most prominent shrine, Angurukaramulla Temple, displaying a giant Buddha, and St. Mary's Church, studded with old paintings. All three can be explored via scenic boat rides on the Hamilton Dutch Canal, which runs through the heart of the town. You can also unwind at the Negombo Lagoon and Muthurajawela Marsh, where posh resorts offer scenic eateries. Near the waterfront, the remains of the 17th-century Dutch Fort now house town prisons. The city's most popular beach with turquoise blue waters is Negombo Beach, presenting opportunities for kitesurfing, sailing, windsurfing, catamaran dining and more. Browns Beach is coveted for midnight swimming sprees. Further inland, you can shop for handicrafts and trinkets at Beach Road Market and sample local curries at Negombo Shopping Plaza. Read More",4.3/5,Ideal duration:2 - 3 Days,Best Time:December - March
26. Matara,"In the Southern Province of Sri Lanka, lies the beach city of Matara. Located 160 km from Colombo, Matara has a stronghold in the teardrop island – in terms of scenic shores, Buddhist temples, a frolicking local life and authentic food.",,https://www.holidify.com/places/matara/,"In the Southern Province of Sri Lanka, lies the beach city of Matara. Located 160 km from Colombo, Matara has a stronghold in the teardrop island – in terms of scenic shores, Buddhist temples, a frolicking local life and authentic food. The name Matara translates to ""Great ferry"" which refers to the large seaport that facilitated immense volumes of trade. The Matara beach and the nearby Polhena beach is a humble abode for the local fisherman and traders. The Buddha temple Sunrise and sunset here are gorgeous sights that reflect simplicity and warmth. You can fly kites, play fun games and gobble some of the freshly cooked fish alongside the shore, and the beach is ever bubbling with life. The roads are immaculately designed to celebrate Dutch architecture. The old houses, churches and architecture stand as an ode to the past and ring antique vibes. The Matara Fort and Star fort dating back to 1560, Dutch reformed church of 1706, St. Mary's church of 1762, Old Nupe market of 1769 and Buddhist structures – Parey Dewa and Matariya Bodhiya, a sacred fig tree - are all sites of historical importance, architectural prowess and nature's elegance! An ideal tourist destination, Matara promises cosy stays, beach shacks, trips to the lighthouse (Dondra head), homebound pleasures like popsicles, tender coconuts and street music. Read More",3.5/5,Ideal duration:1-3 days,Best Time:December - March
27. Minneriya National Park,"The Minneriya National Park is in the Northern province of Sri Lanka, four hours away from Colombo, and 30 minutes away from Sigiriya. The national park is famous for its herds of elephants migrating for food, water and shelter, and forming a 'gathering' that can be witnessed by the visitors. The dr...",,https://www.holidify.com/places/minneriya-national-park/,"The Minneriya National Park is in the Northern province of Sri Lanka, four hours away from Colombo, and 30 minutes away from Sigiriya. The national park is famous for its herds of elephants migrating for food, water and shelter, and forming a 'gathering' that can be witnessed by the visitors. The dry season is the best time to visit this place, as the majestic elephants migrate to the Minneriya Tank for water. Apart from elephants, the national park is also home to several mammals, birds, reptiles, and different kinds of plant species. Minneriya National Park comes under the dry zone, meaning, it receives less rainfall compared to the other areas in the country. The main attraction of this national park is the annual 'Gathering' of herds of elephants. During the dry season, these humongous creatures migrate from warmer to colder lands in search of water. This period is when visitors can book a safari and witness this grand event. Many species of birds and animals that are local to Sri Lanka are seen here. Remember to time your visit correctly, according to your desired attraction. You can book your stay at Sigiriya itself, so travelling to Minneriya gets easier. There are jeeps and guides available at the National Park, to help you roam around. Remember to wear comfortable clothes, and keep the National Park clean. The Minneriya National Park was first declared as a wildlife sanctuary in 1938. It was then designated as a National Park to conserve the flora and fauna that surrounded the Minneriya Tank. The Minneriya Tank is one of the most important historical elements of the national park. It was built by King Mahasena and derives water from the Amban River, and the Elahera Canal. Usually, during the dry season, animals migrate to Minneriya for water and food. Due to the various plant and animal species thriving in the national park, it has multiple habitats, ranging from wetlands to forests, to scrublands. Read More",4.1/5,Ideal duration:1-2 days,Best Time:December - March
28. Midigama,"Midigama is known to be the perfect Sri Lankan surfing turf. It is located at a distance of 140 kms from Colombo in the south coast region. Midigama is a small beach, so small in fact that you can cover both ends in just 10 minutes! The beach is a stretch of land. While one side consists of small sh...",,https://www.holidify.com/places/midigama/,"Midigama is known to be the perfect Sri Lankan surfing turf. It is located at a distance of 140 kms from Colombo in the south coast region. Midigama is a small beach, so small in fact that you can cover both ends in just 10 minutes! The beach is a stretch of land. While one side consists of small shacks and shops selling swimming, snorkelling, surfing and diving gear, and on the other side is the vast ocean, just a few feet away.  Clear tropical water, coconut palm lined beaches makes you want to stay here forever. It is known to be paradise for surfing, and rightly so! Read More",3.2/5,Ideal duration:1-2 days,Best Time:December - March
29. Ahangama,Ahangama is a very calm and peaceful beach town with majestic palm trees all around. There is no sound apart from the waves hitting the shore and swaying of the trees making it ideal for a relaxing vacation.,,https://www.holidify.com/places/ahangama/,"Ahangama is a very calm and peaceful beach town with majestic palm trees all around. There is no sound apart from the waves hitting the shore and swaying of the trees making it ideal for a relaxing vacation. A small town in Southern Province, Ahangama is a secret treasure in Sri Lanka. Known for its pristine beaches, sparkling waters and picturesque landscapes, this town is indeed one of the most beautiful ones in the country. Although it is not fully developed, it is easily accessible via Galle, a major city that lies only 20 minutes from Ahangama. This town, being at the epitome of serenity, is one of the ideal getaways in the country. Ahangama overlooks the aesthetic Weligama Bay, which is a happening place in the town. The famous tuk-tuk takes passengers from the main city to the Bay. Weligama is the central surfing spot, surfing being one of the main attractions of Ahangama. Apart from surfing, Wellingama offers beachside shops, restaurants, shacks and bars. The landscapes of Ahangama, along with its fame for surfing, make it what it is today. A pious hideout, Ahangama is heaven on earth. Read More",3.5/5,Ideal duration:1-2 days,Best Time:December - March
30. Nilaveli,"Nilaveli seaside town is 16 km from Trincomalee District in Eastern Sri Lanka. The town boasts of beautiful waters that are ideal for water sports, snorkelling and scuba diving. The Nilaveli beach road doubles as a boulevard lined up with palm trees called the Nilaveli Beach Road. The seas here are ...","images/30. Nilaveli/0.jpg, images/30. Nilaveli/1.jpg, images/30. Nilaveli/2.jpg, images/30. Nilaveli/3.jpg, images/30. Nilaveli/4.jpg",https://www.holidify.com/places/nilaveli/,"Nilaveli seaside town is 16 km from Trincomalee District in Eastern Sri Lanka. The town boasts of beautiful waters that are ideal for water sports, snorkelling and scuba diving. The Nilaveli beach road doubles as a boulevard lined up with palm trees called the Nilaveli Beach Road. The seas here are lukewarm as the sun shines to its fullest over Nilaveli. The shallow waters by the shore give a dose of adrenaline as you swim in them. There are hotels and resorts scattered across that are stunningly designed to provide you with the comforts of a luxury stay right across the bay! Pigeon Island and its national park are a famous attraction in Nilaveli. It is one of the two marine national parks of Sri Lanka and has a variety of gorgeous corals. Another sight of religious importance is the Velgam Vehera, a Buddhist temple (also known as Natanar Kovil by the Hindus) and the Sri Lakshmi Narayana Perumal Kovil. These temples are of archaeological importance and have sacred feasts associated with them. The blissful town of Nilaveli provides beautiful greenery, and the warm sea breeze never ceases to welcome people. Read More",3.5/5,Ideal duration:1 - 2 Days,Best Time:December - March
31. Kaudulla National Park,"It has been in existence for many years now, but it was given the recognition of a national park only in April 2002. The park spreads over 6656 hectares, and it is connected to the Somawathie Chaitiya Park and the Minneriya Wildlife Park. A reserve turned national park, Kaudulla sees herds of elepha...",,https://www.holidify.com/places/kaudulla-national-park/,"It has been in existence for many years now, but it was given the recognition of a national park only in April 2002. The park spreads over 6656 hectares, and it is connected to the Somawathie Chaitiya Park and the Minneriya Wildlife Park. A reserve turned national park, Kaudulla sees herds of elephants families usually around 350 of them. The trees of Kaudulla have fauna of all variants – endemic, endangered animals and birds too. Flora consists of tropical dry mixed evergreen forests, chena lands, grasslands and wetlands with many species of small shrubs. This ecosystem is a perfect marriage of fauna and flora. The park is not all barren land; there are pools of water where the elephants usually hold their gatherings in the summer. There are travel guides in the park to offer assistance of any kind and the locals animal experts to care for the animals. The birds that soar across the lands and perch on the trees are any photographer’s delight. Read More",3.2/5,Ideal duration:1 - 2 Days,Best Time:December - March
32. Haputale,"Haputale is a small town in Sri Lanka that is quaint and nestled away from the main cities and towns. Apart from escaping the city’s hustle, Haputale is where one can surround themselves with rolling hills covered in tea plantations, and indulge themselves in the tranquil and the sere...",,https://www.holidify.com/places/haputale/,"Haputale is a small town in Sri Lanka that is quaint and nestled away from the main cities and towns. Apart from escaping the city’s hustle, Haputale is where one can surround themselves with rolling hills covered in tea plantations, and indulge themselves in the tranquil and the serene ambience cloud-covered forests and mountains. The temperature of the city remains refreshing and fresh throughout the year because of its hilly elevation from the rest of the towns and cities in the country. The town encompasses so many tea gardens and estates that one can walk in those tea gardens for several days without crossing the same paths twice. Other than the tea estates the town is known for the tea factories, Lipton’s seat and the Adisham Monastery, the trek to the waterfall, and also the trek to the Horton Plains are some of the other activities that the visitors can entertain. The town is a perfect amalgamation and the combo of flora, fauna, forests, cloud, hills and tea gardens that create the ideal environment for rejuvenating. Read More",3.0/5,Ideal duration:1 - 2 Days,Best Time:December - March
33. Sinharaja Forest Reserve,"Sinharaja Forest Reserve is one of the very few virgin rainforests in the world, which is why it is one of the UNESCO World Heritage! The unique relation of flora and fauna in this forest makes it one of the hotspots in the world. The forest is only 13 km in the stretch and around 7 to 8 km from nor...",,https://www.holidify.com/places/sinharaja-forest-reserve/,"Sinharaja Forest Reserve is one of the very few virgin rainforests in the world, which is why it is one of the UNESCO World Heritage! The unique relation of flora and fauna in this forest makes it one of the hotspots in the world. The forest is only 13 km in the stretch and around 7 to 8 km from north to south. The entire forest has remained untouched till date due to its inaccessibility. The ecosystem of this forest has been an essential part of it being termed as also a Biosphere Reserve. The species of animals and plants that are unique to Sinharaja Forest Reserve and preservation of other endangered animals and plants has given it a position of priority. Despite being highly inaccessible, it is not to say that human life is also not seen here. Villagers even live in unity with the forest in areas bordering this zone. Due to the density of the forest, not many animals and birds are seen as it is in other forest reserves and national parks, but it is home to a large number of animals and birds of various kinds. A visit to this rainforest is a definite must if you ever come to Sri Lanka. The serenity of this forest, the peaceful environment amidst the beauty of nature together culminates into a once-in-a-lifetime experience. Read More",3.6/5,Ideal duration:1 - 2 Days,Best Time:December - March
34. Kataragama,"Kataragama, nestled in the lush landscapes of southeastern Sri Lanka, is a pilgrimage town. It is one of the few places in the world that holds religious significance for Buddhists, Hindus, and Muslims alike. The town's focal point is the Kataragama Temple, dedicated to the Hindu deity Ska...",images/34. Kataragama/0.jpg,https://www.holidify.com/places/kataragama/,"Kataragama, nestled in the lush landscapes of southeastern Sri Lanka, is a pilgrimage town. It is one of the few places in the world that holds religious significance for Buddhists, Hindus, and Muslims alike. The town's focal point is the Kataragama Temple , dedicated to the Hindu deity Skanda (or Murugan), who is revered as the god of war and victory. In addition to the Hindu shrine, the Kataragama Temple complex houses a Buddhist stupa, Kiri Vehera , which is believed to have been built by King Mahasena in the 3rd century BCE. This ancient stupa, surrounded by serene gardens, is a place of meditation and peace, attracting Buddhist devotees who come to pay their respects and seek blessings. Kataragama is situated along the banks of the Menik Ganga, a river believed to have purifying properties. Pilgrims often perform rituals and take ceremonial baths in its waters before proceeding to the temple. The surrounding jungle and Yala National Park are famous for nature walks and wildlife spotting, including elephants and leopards. With its ornate architecture and vibrant rituals, the Kataragama Temple draws pilgrims year-round, particularly during the annual Esala Perahera festival. This grand event, featuring traditional dances, fire-walking, and processions of elaborately decorated elephants, creates a captivating spectacle of devotion and celebration. Many devotees still stick to the practice of visiting Kataragama on foot. Read More",3.2/5,Ideal duration:1-2 Days,Best Time:December - March
35. Ratnapura,"Famous for its gemstone industry, Ratnapura is a populous city in southwestern Sri Lanka. It is also known for serving as the start point of a trail that leads to the sacred Adam's Peak. A flourishing centre for gem trade for local and foreign traders alike, Ratnapura is home to numerous gem mines a...",images/35. Ratnapura/0.jpg,https://www.holidify.com/places/ratnapura/,"Famous for its gemstone industry, Ratnapura is a populous city in southwestern Sri Lanka. It is also known for serving as the start point of a trail that leads to the sacred Adam's Peak. A flourishing centre for gem trade for local and foreign traders alike, Ratnapura is home to numerous gem mines and a fascinating Gem Museum. Some of the world's most recognized gemstones, such as the Star of India, Blue Belle of Asia and The Star of Adam, were discovered at Ratnapura. The city's attractions are not limited to precious stones—Buddhist temples of historical significance and picturesque waterfalls are aplenty here. Maha Saman Devalaya is a shrine dedicated to the worship of Saman, the deity of Adam's Peak. Initially constructed in the 13th century, it was destroyed by the Portuguese three centuries later; the Sinhalese ruler King Rajasinghe II then rebuilt the shrine. Waterfalls at Ratnapura and the adjoining areas include Katugas Ella Falls, Bopath Ella Falls, and the little-known Mapalana Ella Falls. The city houses a National Museum, with artefacts reflecting the local culture and weaponry. Fossils of elephants, deer and other animals are on exhibit as well. Read More",4.0/5,Ideal duration:1-2 days,Best Time:December - March
36. Koggala,"Koggala is a coastal town in the southern region of Sri Lanka. A relatively offbeat destination which is famous for its namesake Koggala Beach and Koggala Lake. Surfing is a favourite activity amongst visitors to Koggala Beach. The lake, a freshwater lagoon, is dotted with small but scenic islands. ...",,https://www.holidify.com/places/koggala/,"Koggala is a coastal town in the southern region of Sri Lanka. A relatively offbeat destination which is famous for its namesake Koggala Beach and Koggala Lake. Surfing is a favourite activity amongst visitors to Koggala Beach. The lake, a freshwater lagoon, is dotted with small but scenic islands. With names such as the Cinnamon Island and Spice Island, they are indeed as appealing as they sound. A tour of Koggala is incomplete without a visit to the Martin Wickramasinghe Folk Museum Complex, which has many instruments, puppets and costumes on display. There are many turtle hatcheries at Koggala which are home to species such as the leathery turtle and loggerhead turtle. Tea connoisseurs would be delighted by a visit to the Handunugoda Tea Estate, renowned for the Virgin White Tea, which is untouched by hand from the tea bush to the consumer. The Kathaluwa Purwarama Maha Viharaya is a Buddhist shrine that houses 200-year-old paintings, some of them depicting the Jataka tales. Amid the pristine beach and beautiful lake, a trip to Koggala is perfect for a peaceful and relaxing vacation. Read More",3.3/5,Ideal duration:1 - 2 Days,Best Time:December - March
37. Kitulgala,"Nestled among forested hills, Kitulgala is a small Sri Lankan town in the western region of the country. Best known for being the most popular location in Sri Lanka for white water rafting, a visit to Kitulgala is a terrific combination of nature and thrill. It is also one of the wettest places in S...",images/37. Kitulgala/0.jpg,https://www.holidify.com/places/kitulgala/,"Nestled among forested hills, Kitulgala is a small Sri Lankan town in the western region of the country. Best known for being the most popular location in Sri Lanka for white water rafting, a visit to Kitulgala is a terrific combination of nature and thrill. It is also one of the wettest places in Sri Lanka. The Kelani River which flows through the town served as a filming location for the Oscar-winning movie ‘The Bridge On the River Kwai’, released in 1957. Apart from being the base for white water rafting, Kitulgala has plenty of options for adventure sporting that sound too good to resist. These include jungle trekking, outdoor camping, mountain biking and waterfall abseiling. The natural attractions at Kitulgala are the most diverse, ranging from the Belilena Caves, where the 12,000-year-old remains of the prehistoric Balangoda Man (Homosapiens Balangodensis) were discovered, to the nearby picturesque Aberdeen Falls. Birdwatching is relatively common at Kitulgala, especially at the Makandawa Forest Reserve, owing to the myriad species of birds in the region. One can also see endemic bird species at Makandawa include the orange-billed babbler and chestnut-backed owlet and mammals such as the slender red loris. Whether you seek the adrenaline rush of adventure or solitude and tranquillity amid nature, Kitulgala is hands down the best of both worlds. Read More",3.1/5,Ideal duration:1 - 2 Days,Best Time:December - March
38. Kumana National Park,"Apart from that the 18,149 hectare of national park also encompasses of a 200-hectare natural lake swamp, visited by various species of migratory birds. The national park does not only secure the species of birds but also breeds and roosts them. Some of the regular birds that can easily be spotted a...",,https://www.holidify.com/places/kumana-national-park/,"Apart from that the 18,149 hectare of national park also encompasses of a 200-hectare natural lake swamp, visited by various species of migratory birds. The national park does not only secure the species of birds but also breeds and roosts them. Some of the regular birds that can easily be spotted are the Pelicans, Painted Storks, Spoonbills, White Ibis, Herons, Egrets and the little Cormorants. Apart from the magnificent birds, the Kumana National Park is also home to the different species of mammals, including Elephants, Leopards, and Bears. Not only is that but the national park also has a rich selection of flora. It has the mangroves, the Kumbuk trees and the Karan Fern. The visitors can opt for either bird watching or the jeep safari wherein the national park would send in professional experts along with jeeps that allow the visitors to go deep inside the national park and explore the beautiful flora and fauna. Read More",3.8/5,Ideal duration:1 - 2 Days,Best Time:December - March
39. Uppuveli,"Located in the suburbs of Sambalativu, Uppuveli captures the earthy beachside of Sri Lanka, and in this belt lies the Uppuveli beach, 6 km northwest of the city of Trincomalee. Uppuveli in Sri Lanka is iconic due to its golden sands that shimmer in the sunlight. The warm sun enthrones the blue ...","images/39. Uppuveli/0.jpg, images/39. Uppuveli/1.jpg",https://www.holidify.com/places/uppuveli/,"Located in the suburbs of Sambalativu, Uppuveli captures the earthy beachside of Sri Lanka, and in this belt lies the Uppuveli beach, 6 km northwest of the city of Trincomalee. Uppuveli in Sri Lanka is iconic due to its golden sands that shimmer in the sunlight. The warm sun enthrones the blue skies and sets a dewy glow upon the seas and the heaps of debris. Such is the scenic beauty of the Uppuveli beaches! The Koneshwaram temple or the Temple of the Thousand Pillars is a classical-medieval Hindu temple dedicated to Lord Shiva. Legend has it that this temple was built in 400 BC and it has devotees swarming in from different parts of the world. Fort Fredrick stands contrasting to the synagogue on the peninsula. The fortress which is now used by the Sri Lankan military was erected by the Portuguese and developed by the Dutch. On the same grounds, stands the Wellesley house, a real example of yesteryear architecture that once hosted the Duke of Wellington. Read More",3.3/5,Ideal duration:1 - 2 Days,Best Time:December - March
40. Tissamaharama,"Tissamaharama is a town in the southern province of Sri Lanka, located 270 km from Colombo. The city is an interface for tourist expeditions as it is the starting point for visits to Yala National Park and Kataragama.The town holds artefacts from the past and has historical icons which include three...","images/40. Tissamaharama/0.jpg, images/40. Tissamaharama/1.jpg, images/40. Tissamaharama/2.jpg, images/40. Tissamaharama/3.jpg, images/40. Tissamaharama/4.jpg",https://www.holidify.com/places/tissamaharama/,"Tissamaharama is a town in the southern province of Sri Lanka, located 270 km from Colombo. The city is an interface for tourist expeditions as it is the starting point for visits to Yala National Park and Kataragama. The town holds artefacts from the past and has historical icons which include three ancient stupas, old reservoirs and five major lakes including the Tissa Wewa. Paddy fields bound the northern part of the city. Car drives along the beautiful lake and countryside of Tissamaharama are spectacular. The sightseeing places in the historic town are aplenty including the Tissawewa and the Sithulpawwa rock temple, Tissa Dagoba, Yatala Wehera, Debarawewa clock tower and the Bundala birds paradise. Five major lakes in the locale of Tissamaharama are the Tissa Wewa; Yoda Wewa; Weerawila Wewa; Pannegamuwa Wewa; and Debarawewa Wewa. Thus 'Tissa' as the locals call it is a perfect marriage of nature and antiquity! Tissa falls under the classification of the 16 holy islands of Sri Lanka as it played a significant role in uplifting and enthroning Buddhism in the heart of its people. Read More",3.5/5,Ideal duration:1-2 days,Best Time:December - March
41. Kirinda,"The Kirinda village is yet another developing tourist spot within Sri Lanka. A small coastal town, Kirinda is in the southern province of Sri Lanka. The southern region is first level administrative division in the country, inhabited by around 2.5 million people; it is the 3rd largest province in th...",images/41. Kirinda/0.jpg,https://www.holidify.com/places/kirinda/,"The Kirinda village is yet another developing tourist spot within Sri Lanka. A small coastal town, Kirinda is in the southern province of Sri Lanka. The southern region is first level administrative division in the country, inhabited by around 2.5 million people; it is the 3rd largest province in the country. This southern region of Sri Lanka has a large number of wildlife sanctuaries, beaches, ancient temples. The major cities and towns in this province are the holy city of Kataragama, Ussangoda with their majestic view of the beaches and the cities of ancient lineages like Kirinda and Tissamaharama. A coastal village, Kirinda is known for its sandy streets and empty beaches. The city is also associated with an ancient history and a romantic story of King Kavantissa and a princess who was rescued by the king. This story of romance has attracted many pilgrims to this unknown island, which is approximately 10 kms away from the town of Tissamaharama, the initial capital of the Sinhalese kingdom. The rocky outcrop of the coastal village allows the visitors to obtain a magnificent view on this isolated coast with its vast stretch of sandy shores and the enigmatic and beautiful sea at their disposal. This ancient and developing village thus garners all the attention and love from the visitors! Read More",3.9/5,Ideal duration:1-2 days,Best Time:December - March
42. Kalpitiya,"Kalpitiya is a town surrounded by natural spaces and beaches. Kalpitiya covers a total area of 16.73 km²; the city has 14 islands with the main ones being Battalangunduwa, Palliyawatta, Uchchamunai, Periya Arichchalai, and Kakativu etc. Kalpitiya is one of the upcoming tourist destinations wit...","images/42. Kalpitiya/0.jpg, images/42. Kalpitiya/1.jpg, images/42. Kalpitiya/2.jpg, images/42. Kalpitiya/3.jpg, images/42. Kalpitiya/4.jpg",https://www.holidify.com/places/kalpitiya/,"Kalpitiya is a town surrounded by natural spaces and beaches. Kalpitiya covers a total area of 16.73 km²; the city has 14 islands with the main ones being Battalangunduwa, Palliyawatta, Uchchamunai, Periya Arichchalai, and Kakativu etc. Kalpitiya is one of the upcoming tourist destinations within Sri Lanka, providing activities such as kite surfing, surfing, and whale watching etc. The town is home to fishermen living within the natural habitat of the sea. The name of the city also has a long history of etymology as it is derived from the Tamil word ‘Kal’ and ‘Pattu’ meaning stone and elevation. The town was previously known as Arasadi, and during the colonial era, it was popularly known as Calpentyn. Kalpitiya is, therefore, the destination of dreams for those who enjoy long walks, beaches, beautiful sunset views and finally the adventure activities! Read More",3.7/5,Ideal duration:1 - 2 Days,Best Time:December - March
